Column2;Essen (positiv);Essen (negativ);Service (positive);Service (negativ);Ambiente (positive);Ambiente (negativ);Preis (positive);Preis (negativ);Wartezeit (positiv);Wartezeit (negativ);Column3
Mega cooles Ambiente und Konzept die Bürger sind auch geschmacklich sehr lecker. Man kann seiner Bürger individuelle auf seine Bedürfnisse anpassen ( Allergien/vegetarisch/Co) …;1;0;0;0;0;0;0;0;0;0;4.0
Super sympathische Mitarbeiter, eine wirklich freundliche und gemütliche Atmosphäre und fantastisches Essen! Wir kommen ganz sicher öfter. …;1;0;1;0;1;0;0;0;0;0;5.0
DAS nenne ich Burger! Nicht so ein Schicki-Micki möchte gerne Burgerladen in Dortmund! *hüstel* Ein absoluter Kult! Maestro del Tozzi - ein Gedicht! Wann immer ich in der Gegend bin, Space Burger oder Lupo. Beides einfach Kult!  (Translated by Google) THAT'S what I call burgers! Not such a fancy mic would like a burger shop in Dortmund! *cough* An absolute cult! Maestro del Tozzi - a poem! Whenever I'm in the area, Space Burger or Lupo. Both simply cult!;1;0;0;0;1;0;0;0;0;0;5.0
Waren gestern zu dritt dort , zwei haben den selben Burger bestellt und seid gestern Abend beide mit Magen Darm zu tun !Der Burger  sah lecker aus aber irgendetwas schmeckte auch komisch drin nicht wie erwartet !  (Translated by Google) There were three of us there yesterday, two of them ordered the same burger and both of them had stomach problems last night! The burger looked delicious but something inside didn't taste as funny as expected!;0;1;0;0;0;0;0;0;0;0;1.0
Wir fanden dieses Burger Restaurant klasse. Sehr individuelle Möglichkeiten... Zudem gibt es fleischlose Alternativen. Das Ambiente ein kleiner Zeitsprung in die Vergangenheit. Das Kartenzahlung nicht möglich ist, ist allerdings heutzutage nicht mehr zeitgemäß.  (Translated by Google) We loved this burger restaurant. Very individual options... There are also meatless alternatives. The ambience is a little leap in time into the past. The fact that card payment is not possible is no longer up-to-date nowadays.;1;0;0;1;1;0;0;0;0;0;4.0
Sehr guter Burgerladen. Bester Service. War in der Woche da, und habe nur 10min auf den Burger gewartet. Ich empfehle den Laden weiter.  (Translated by Google) Very good burger shop. best service Was there during the week and only waited 10 minutes for the burger. I recommend the store.;1;0;1;0;0;0;0;0;1;0;5.0
Lecker Burger zum fairen Preis mit coolen Ambiente. Jedoch im Jahr 2023 keine Kartenzahlung geht garnicht. …;1;0;0;1;0;0;1;0;0;0;4.0
Nice Burger and good Service;1;0;1;0;0;0;0;0;0;0;5.0
Leckere Burger, hab was länger drauf gewartet aber alles im Rahmen. ??  (Translated by Google) …;1;0;0;0;0;0;0;0;0;1;4.0
Große Auswahl für Vegetarier.  (Translated by Google) Large selection for vegetarians.;1;0;0;0;0;0;0;0;0;0;3.0
Sehr sehr lecker!  (Translated by Google) Very very tasty!;1;0;0;0;0;0;0;0;0;0;5.0
Many options for vegetarians, the quality is not consistent how ever;0;1;0;0;0;0;0;0;0;0;4.0
Sehr freundliche Bedienung, klasse Auswahl von fleischig bis komplett vegan, kulinarisch kompetent zubereitet - was will ich mehr! …;1;0;1;0;1;0;1;0;1;0;5.0
4 sterne weil der milchshake nur in Kombination mit einer Speise bestellbar ist  (Translated by Google) …;1;0;0;1;0;0;0;0;0;0;4.0
Wer ne Stunde Zeit hat auf das Essen zu warten wird hier nicht enttäuscht. Essen lecker, für Veganer und Vegetarier alles da. Bedienung ist auf den Vorschlag den Preis aufgrund des bescheidenen Services …;1;0;0;1;0;0;0;0;0;1;2.0
Very nice service;0;0;1;0;0;0;0;0;0;0;5.0
Kreative Auswahl. Lecker! Leider dauert es sehr lange bis das Essen kommt.  (Translated by Google) …;1;0;0;0;0;0;0;0;0;1;4.0
Ich war mit mehreren Freundinnen dort. Wir haben einen Tisch reserviert und haben bemerkt, dass wir ca. 10 min. zu spät kommen werden. Als wir dort angerufen haben, um zu fragen, ob das ein Problem wäre, wurde uns unfreundlich …;0;0;0;1;0;0;0;0;0;0;1.0
Ich esse sehr gerne Burger und am liebsten bei Space Burger. Ich bin oft im Laden, mittags und am Abend und ich bestelle auch sehr gerne. Ich habe bisher keine schlechten Erfahrungen gemacht. Es gibt Tage, da ist der Burger noch besser als …;1;0;1;0;0;0;0;0;0;0;5.0
Really good burgers! Please be advised, that this is a popular place and can experience some waiting times.;1;0;0;0;0;0;0;0;0;1;5.0
Super nettes Ambiente und tolle Atmosphäre ?? es ist nicht zu laut und man versteht sein eigenes Wort?? die Getränke kommen super schnell an den Tisch sowie das Essen ebenso?? Der Geschmack ist überragend gut. Noch nie solch leckere Burger …;1;0;1;0;1;0;1;0;1;0;5.0
"Mega leckere Burger; sehr nette Bedienung. Für mich die besten Burger in D-Dorf  (Translated by Google) …";1;0;1;0;0;0;0;0;0;0;5.0
Schlechtester Laden überhaupt. Wir hatten extra einen Tag vorher angerufen und einen Tisch reserviert. Als wir dann nach unserer Reservierung fragten, wurde gesagt, dass die Person, die gestern die Reservierung entgegen genommen hat, heute …;0;0;0;1;0;0;0;0;0;1;1.0
Handgemachte Burger, viele auch in vegetarischen Varianten- alles richtig lecker. Gast seit mehr als 20 Jahren, das spricht doch schon fast für sich. …;1;0;0;0;0;0;0;0;0;0;4.0
War mit meiner Frau da. Wir warteten 20 Minuten bis unsere Bestellung aufgenommen wurde. Nach 10 Minuten bekamen wir die Getränke eines Pärchens, welches 2 Tische weiter saß und bereits vor uns da war. 10 Minuten später bekamen wir unsere …;0;0;0;0;0;0;0;0;0;1;1.0
(Translated by Google) Good food. Friendly and helpful staff.  (Original) …;1;0;1;0;0;0;0;0;0;0;5.0
Kalter Burger, war nicht so toll  (Translated by Google) Cold burger, wasn't that great;0;1;0;0;0;0;0;0;0;0;2.0
(Translated by Google) Very good burgers, has variety. The downside is that you can only pay in cash. …;1;0;0;1;0;0;0;0;0;0;4.0
"(Translated by Google) Cozy and trendy restaurant. With pictures and gadgets from ""space"" movies like Star Wars everywhere, they don't miss the mark in terms of decor. …";1;0;0;0;1;0;0;0;0;0;5.0
(Translated by Google) All good service with a smile only the place a little cold... …;1;0;0;0;0;1;0;0;0;0;4.0
Super nettes Personal und erstklassige Burger. Witziges Ambiente. Wir waren zu viert und alle waren begeistert. Ein Grund noch einmal nach Düsseldorf zu fahren. …;1;0;0;0;1;0;0;0;0;0;5.0
Unsere Burger waren lecker und es ging alles sehr schnell  (Translated by Google) …;1;0;0;0;0;0;0;0;1;0;4.0
Es ist seit gut zwei Jahrzehnten - eher sogar etwas länger - eines meiner Lieblingslokale in der Stadt. Ich verstehe gar nicht, warum wir so lange nicht mehr hier waren. Wie immer: Wenn es Mal schnell gehen sollte, würde ich doch - schweren …;1;0;0;0;0;0;0;0;0;1;5.0
Witzig eingerichtetes Restaurant mit lockeren Servicemitarbeitern. Auch die Karte ist interessant gestaltet. Die Burger selbst schmeckten bislang alle gut,  könnten aber in dieser Preiskategorie etwas größer sein. Auch Sparmenüs sind …;1;0;1;0;1;0;0;1;0;0;4.0
Das Essen war gut, aber ich wurde noch nie so unfreundlich in einem Restaurant behandelt wie hier heute. Man hätte denken können man ist bei versteckte Kamera. Die Bestellung wurde rasch aufgenommen, als sie dann kurz danach kam wurde sie …;1;0;0;1;0;0;0;0;0;1;2.0
Cooles Ambiente sowie leckere Burger und Pommes zu fairen Preisen, aber oft leider schlechter Service, man wartet insbesondere abends sehr lange …;1;0;0;1;0;0;1;0;0;1;3.0
Super tasty burgers!;1;0;0;0;0;0;0;0;0;0;5.0
bester burger meines lebens. mit liebe jeglichn baustein ausgewählt. bin stammkunde. love …;1;0;0;0;0;0;0;0;0;0;5.0
Die Burger ?? sind super. Das Interieur allerdings, könnte mal wieder überarbeitet werden. Und was eigentlich gar nicht geht....NUR BARZAHLUNG. Da drängen sich mir immer komische Gedanken auf, bei dieser nur einen Zahlungsart. …;1;0;0;1;0;1;0;0;0;0;4.0
Sehr leckere und große Auswahl an Burger. Dazu eine gute Auswahl an Getränken, inklusive Indian Pale Ales. …;1;0;0;0;0;0;0;0;0;0;5.0
Liebevoll gestalteter Burger Laden. Uns hat besonders gut gefallen, dass man jeden Burger auch als vegane oder vegetarische Variante bestellen kann. Wir kommen gerne nochmal wieder! …;1;0;0;0;1;0;0;0;0;0;5.0
Die Burger sind total lecker und ausgefallen. Da ist für jeden etwas dabei, von dem Klassiker bis zu neuen überraschend leckeren Burgern, die man nicht überall bekommt. (Außerdem ist die Speisekarte wirklich sehr kreativ gestaltet mit …;1;0;0;0;0;0;0;0;0;0;5.0
So disclaimer I am vegetarian and not a connoisseur of burgers. With that said I visited them on a Saturday noon, place was pretty empty and not much was going around probably because of sun raining hell that day. I ordered an avocado …;0;0;0;0;0;0;0;0;0;0;5.0
Trashiges Interieur trifft auf crazy lecker thing called Burger. Erst waren wir etwas irritiert, aber die Mitarbeiter waren sehr nett und das Essen lecker. Bitte lest dringend die Geschichte auf der Speisekarte, diese ist …;1;0;0;0;0;1;0;0;0;0;5.0
Sehr lecker ?? und guter Preis ??  (Translated by Google) Very tasty ?? and good price ?? …;1;0;0;0;0;0;1;0;0;0;5.0
Ich finde es nach wie vor einen der besten Burger places in town und Umgebung ???? …;1;0;0;0;1;0;0;0;0;0;5.0
Very good !! Best burger I’ve ever tasted ?? …;1;0;0;0;0;0;0;0;0;0;5.0
(Translated by Google) Fantastic burger in the heart of Düsseldorf. Recommended ???? …;1;0;0;0;0;0;0;0;0;0;5.0
Burger waren oke aber Nachos waren  einfach von 2 euro tüte  (Translated by Google) …;0;1;0;0;0;0;0;0;0;0;3.0
(Translated by Google) Tasty  (Original) ????;1;0;0;0;0;0;0;0;0;0;5.0
(Translated by Google) Delicious sandwiches, nothing too amazing. Average prices. Nice decor and polite service. …;1;0;1;0;1;0;0;1;0;0;4.0
Sehr leckere Burger, gute Portion mit Pommes und Getränk als Lunch Menü. Hier wird definitiv jeder fündig ob groß oder klein ?? Preis /Leistungsverhältnis stimmt und das Personal sehr freundlich kann ich definitiv empfehlen …;1;0;1;0;0;0;1;0;0;0;5.0
No more than a nice vegan meal and a good fries;0;1;0;0;0;0;0;0;0;0;3.0
Super Burger!;1;0;0;0;0;0;0;0;0;0;5.0
Speisekarte zu unübersichtlich. Burger wurde ohne Gurken bestellt, kam trotzdem mit. Fleisch enthielt mehrere Knorpel, da vergeht einem der Appetit. Burger alles in allem auch eher langweilig im Geschmack, sehr wenig Soße (die an sich auch …;0;1;0;1;0;0;0;1;0;0;1.0
Super super super lecker!! Leider recht teuer aber sehr einzigartig und unglaublich gut! Eine riesige Auswahl an Burgern. Oh je... da werde ich noch eine Menge Geld lassen... …;1;0;0;0;0;0;0;1;0;0;5.0
Awesome burgers and great Vegan menus! The atmosphere is cool and the staff are also pretty attentive and speak good English.;1;0;1;0;1;0;0;0;0;0;5.0
Gute Vegane Burger. Die Vegane Mayo ist der Hammer!  (Translated by Google) …;1;0;0;0;0;0;0;0;0;0;5.0
Der vegane Burger mit dem Beyond Meat ist pervers gut!!!  (Translated by Google) …;1;0;0;0;0;0;0;0;0;0;5.0
Gute Burger, aber jetzt auch nichts vom anderen Stern. Schwierige Auswahl: lange Karte mit langen Beschreibungen. …;1;0;0;1;0;0;0;0;0;0;4.0
Taste was really nice;1;0;0;0;0;0;0;0;0;0;5.0
Ein toller Burgerladen, viele ausgefallene Kreationen. Hier ist definitiv für alle was dabei, auch vegetarisch und vegan findet man auf der Karte. …;1;0;0;0;0;0;0;0;0;0;4.0
Crazy Diner! Loved the variation of Burgers and the way you can choose them. Atmosphere was great. Can recommend it to every burger lover. Just ask for the very hot sauce! its a killer ??;1;0;0;0;1;0;0;0;0;0;5.0
best hamburger in the world ???? …;1;0;0;0;0;0;0;0;0;0;5.0
Super Auswahl , da man den Burger ?? mit beyond meat, vegan, Hähnchen oder Rind bestellen kann. Schnecken tut es meistens immer wunderbar , nur schwankt es bisschen je nach dem …;1;0;0;0;0;0;0;0;0;0;4.0
Einfach gelungen . Von Bestellung die sehr schnell aufgenommen worden ist . Vom Essen selbst  einfach guter Geschmack, hatte einen Cheeseburger , Fleisch , Zutaten die drauf waren Ketchup, Mayo ( sehr lecker) Schmorzwiebeln Käse einfach …;1;0;1;0;1;0;1;0;0;0;5.0
Für Veganer ein super leckerer Burgerladen ??  (Translated by Google) …;1;0;0;0;0;0;0;0;0;0;4.0
Sehr unfreundlich und kein guter Service!  (Translated by Google) Very rude and not good service!;0;0;0;1;0;0;0;0;0;0;1.0
(Translated by Google) Wow delicious burgers  (Original) ???????? ??????? ???????;1;0;0;0;0;0;0;0;0;0;5.0
Great food, kind waitresses, funny decorations and menu;1;0;1;0;1;0;0;0;0;0;5.0
"Hatte ich mich drauf gefreut. Trotz beinahe leerem Ladenlokal war man dann allerdings nicht in der Lage, mir einen Tisch mit Steckdose (zum Aufladen des Handys) anzubieten. Am Ende mit leicht gereizter Stimmung (""Sie sehen doch, dass alle …";0;0;0;1;0;1;0;0;0;0;1.0
Super leckere Burger und sehr schnelle Bedienung. Die Karte bietet eine gute Auswahl, hier wird jeder Burgerliebhaber auf seine Kosten kommen. Die Preise sind angemessen. …;1;0;1;0;0;0;0;0;0;0;5.0
Der Bürger Laden richt sehr kommisch ... Der Bürger ist ...????  (Translated by Google) …;0;1;0;0;0;1;0;0;0;0;1.0
Super Service, super Essen, prima Preise. Alles bestens.  (Translated by Google) …;1;0;1;0;1;0;1;0;0;0;5.0
(Translated by Google) Good food good value for money and chill service  (Original) …;1;0;1;0;0;0;0;0;0;0;5.0
Sehr leckere Burger!! Alles frisch.  Tolles Ambiente.  (Translated by Google) …;1;0;0;0;1;0;0;0;0;0;5.0
Extrem leckere Burger! Sehr freundliches Personal!  (Translated by Google) …;1;0;1;0;0;0;0;0;0;0;5.0
Space Burger ?? Alles frisch und selbstgemacht. Immer voll, sehr gut besuchtes Restaurant besonders am Wochenende, etwas längere …;1;0;0;0;0;0;0;0;0;1;4.0
Der Laden ist wirklich nicht weiter zu empfehlen!!!  (Translated by Google) I can't really recommend this store!;0;1;0;1;0;1;0;1;0;0;1.0
"Burger etwas trocken, Hommade tea ohne Eis...... 3 mal falsche Bestellung bekommen. Die Kellnerin war die einzige die wusste wie man in der Gastronomie arbeitet und war sehr freundlich. Die männlichen ""Kellner"" scheinen lustlos zu sein..... …";0;1;1;0;0;0;0;0;0;0;2.0
Sehr gutes Essen, nette location. Der Service könntest etwas aufmerksamer bzgl. weiterer Getränkenestllungen sein, war aber okay …;1;0;0;1;0;0;0;0;0;0;4.0
Very cool Burger Restaurant with loads of choices. Almost every Burger can be switched to a Vegetarian or Vegan version. The restaurant is interestingly decorated, which I like a lot. …;1;0;1;0;1;0;0;0;0;0;5.0
They do make great burgers, but the staff is unbelievably lazy;1;0;0;1;0;0;0;0;0;0;4.0
Leckere Burger. Freundliches Personal. Es wirkt etwas chaotisch, aber das ist vernachlässigbar. Kommen gerne wieder?? …;1;0;0;1;0;0;0;0;0;0;5.0
Einer der ersten (wenn nicht sogar DAS erste) Burger Restaurants in Düsseldorf. Super ausgefallenes Interieur mit sehr guten einem sehr guten Hamburger-Sortiment! …;1;0;0;0;1;0;0;0;0;0;4.0
Loved their menu;1;0;0;0;0;0;0;0;0;0;5.0
Super leckerer Burger, hatte die Beef Variante (gibt aber auch Chicken und Veggie) des K.O. Burgers in der zweiten Schärfe Stufe. Lässt sich auf jeden Fall gut essen würde beim nächsten mal vielleicht noch ne …;1;0;0;0;0;0;0;0;0;0;5.0
Sehr sauberes Burgerrestaurant. Nette Bedienung, angenehme Atmosphäre und viele leckere Burger. Was will man mehr. Ich gehe hier gerne hin. …;1;0;1;0;1;0;0;0;0;0;5.0
Richtig guter Burger ! Danke ??  (Translated by Google) Really good burger! Thank you ?? …;1;0;0;0;0;0;0;0;0;0;5.0
Der Burger und die Pommes waren lecker. Bis zu diesem Punkt hätte ich das Restaurant jedem weiterempfohlen. Der Burger von meinem Freund war jedoch nicht gut. Er hatte eine Rohe Avocado …;0;1;0;1;0;0;0;0;0;0;1.0
Immer lecker dort  (Translated by Google) Always delicious there;1;0;0;0;0;0;0;0;0;0;5.0
Sehr leckere und große Burger! Der Eistee ist zu empfehlen - nicht zu süß! Ich hatte Burger Nr. 11, war wirklich sehr gut. Macht satt, man kann sich nicht beklagen. Service schnell und gut, zur Zeit leider keine EC-Zahlung. …;1;0;1;0;0;0;0;1;0;0;4.0
Leckere Burger und vor allem nettes Personal. Hier komme ich gerne wieder hin.  Wir waren schon wieder hier und wieder sehr lecker ?? …;1;0;1;0;0;0;0;0;0;0;5.0
Had a table outside, our waiter was very friendly and attentive, we got a water bowl for our dog and the food was excellent! Loved the unique concept - Overall great experience 10/10!;1;0;1;0;1;0;0;0;0;0;5.0
OK, cool. Lieferzeiten zwischen 60 und 90 Minuten am frühen Sonntag Nachmittag scheinen hier völlig normal zu sein. …;1;0;0;0;0;0;0;0;0;1;2.0
Burger und Pommes vom feinsten. Cooles Ambiente. Bedienung war fix und freundlich. …;1;0;1;0;1;0;0;0;0;0;5.0
A lot of different burger options. They are okey. You can't pay with credit card.;1;0;0;1;0;0;0;0;0;0;3.0
(Translated by Google) Have to wait a very long time! Up to 45 minutes for a burger I thought this was really long. My burgers had been attacked on the outside and inside I was in mourning!! It was busy but still .... heavy on my stomach …;1;0;0;0;0;0;0;0;0;1;3.0
Einfach super. Bin zum zweiten Mal anlässlich des Japan-Tags hier gewesen und ich kann es nur empfehlen ?? …;1;0;0;0;0;0;0;0;0;0;5.0
Große Auswahl an leckeren Burgern, die meisten auch vegan erhältlich. Ebenfalls selbstgemachte Shakes und Limonaden, die auch zu empfehlen sind. …;1;0;0;0;0;0;0;0;0;0;5.0
Wirklich sehr leckere Burger. Ist nur zum empfehlen!  (Translated by Google) …;1;0;0;0;0;0;0;0;0;0;5.0
Netter kleiner Laden, die Burger waren lecker  (Translated by Google) …;1;0;0;0;1;0;0;0;0;0;4.0
Die Burger sind hier vom allerfeinsten! Tolle Variationen, frische Zutaten, bestes Beef und  sehr leckere Pommes und Saucen. Außerdem tolle Drinks und Iceteas. Absolute Empfehlung.???? …;1;0;0;0;0;0;0;0;0;0;5.0
Große Auswahl an Burgern und Getränken.  (Translated by Google) Large selection of burgers and drinks.;1;0;0;0;0;0;0;0;0;0;4.0
Der erste Eindruck beim Blick auf die Speisekarte war positiv. Die Burger sind ziemlich kreativ und außergewöhnlich. Geschmacklich war es dann aber eher eine Enttäuschung. Mag auch an der konkreten Burgerwahl gelegen haben. …;0;1;0;0;0;0;0;0;0;0;3.0
Sehr schönes Ambiente, freundliche Bedienung und gutes Essen für einen fairen Preis. …;1;0;1;0;1;0;1;0;0;0;4.0
Sehr gutes Preis Leistungsverhältnis! 11,90 für Buegermenu inkl. Pommes und hausgemachter Limonade. Der Burger schmeckt sehr gut, wenn auch nicht absolute Oberklasse. Die Portion Pommes ist nicht die größte, aber die perfekte Menge um satt …;1;0;0;0;0;0;1;0;0;0;4.0
(Translated by Google) Norm burgers, not a masterpiece, but it will fill your belly! …;1;0;0;0;0;0;0;1;0;0;5.0
Immer wieder richtig gut  (Translated by Google) Always really good;1;0;0;0;0;0;0;0;0;0;5.0
Bester Laden in Düsseldorf. Ein wenig mehr Soße auf dem Burger wäre top!!!  (Translated by Google) …;1;0;0;0;0;0;0;0;0;0;4.0
Der Bedienung war ihr Smartphone wichtiger als die Kunden. Es dauerte lange, bis die Bestellung kam. …;0;1;0;1;0;0;0;0;0;0;4.0
best burgerrrss ever!! and everything else was really nice to (service and stuff) …;1;0;1;0;0;0;0;0;0;0;5.0
Burger sind eigentlich nicht so mein Ding. Aber was ich da bekommen habe, war wirklich hervorragend. Kein Vergleich zu den üblichen Burgerbuden. Mein Kompliment an die Küche und an den Service. …;1;0;0;0;0;0;0;0;0;0;5.0
Hat zwar geschmeckt aber ich habe eine Schnecke in nem Burger gesehen und dass geht überhaupt nicht ! Mir war übel als ich die Nacktschnecke über dem Teller kriechen gesehen habe. Da …;0;1;0;0;0;1;0;0;0;0;1.0
Nach langer langer Pause waren wir heute mal wieder im Space Burger in der Altstadt - Und um es vorweg zu nehmen: Wir fanden es richtig gut. Die selbstgemachte Limo, die Country Pommes und die Chili Mayo boten dann schon einen guten …;1;0;0;0;0;0;0;0;0;0;5.0
Mit großer Sicherheit die besten Burger in Düsseldorf!  (Translated by Google) …;1;0;0;0;0;0;0;0;0;0;5.0
"Da Geschmäcker verschieden sind kann ich für mich persönlich sagen das es einer der besten Burgerläden ist... es schmeckt nicht nach ""Industriestandart"" wie bei den ganzen anderen Ketten... …";1;0;0;0;0;0;0;0;0;0;5.0
Hier haben die Bürger sehr gut geschmeckt und das Personal ist sehr freundlich und nett !!!! Außerdem war das Personal sehr schnell …;1;0;1;0;0;0;0;0;0;0;5.0
Leckere Burger und nettes Personal. Preis ist normal.  (Translated by Google) …;1;0;1;0;0;0;0;0;0;0;5.0
Burger wie immer lecker aber es dauerte fast 20min bis die Bestellung aufgenommen wurde und dann nach ca. 10min kam die Bedienung und fragte erneut nach der Bestellung da es Probleme mit dem bon gab. Nach dem Essen wurde man auch nicht …;1;0;0;1;0;0;0;0;0;1;2.0
Immer lecker. Entspanntes und freundliches Personal. Riesengroße Burger. Leckere und einfallsreiche Pommes als Beilage. Interessante Lokalität …;1;0;1;0;0;0;0;0;0;0;5.0
Bester Burger den ich bisher gegessen habe!  (Translated by Google) Best burger I've eaten so far!;1;0;0;0;0;0;0;0;0;0;5.0
Amazing burgers and beer ??;1;0;0;0;0;0;0;0;0;0;5.0
Einen super Burger hatte ich. Interessanter Laden. Echt verrückt. Haben uns wohl gefühlt. Für Geld ein wenig mehr auf dem Teller und ich hätte gern die fünf Sterne gegeben …;1;0;0;0;0;0;0;1;0;0;4.0
Sehr leckerer Burger, große Auswahl an vegetarischen und veganen Optionen. Essen kam schnell und die Bedienung war freundlich. …;1;0;1;0;0;0;0;0;1;0;5.0
Exquisite, creative and very nerdy ?? …;1;0;0;0;0;0;0;0;0;0;5.0
Klasse wie immer !  (Translated by Google) Great as always!;1;0;1;0;1;0;1;0;1;0;5.0
"In germany we say ""Wallah der Burger hat nicht geschmeckt""  (Translated by Google) …";0;1;0;0;0;0;0;0;0;0;1.0
Die Burger sind super lecker und landen bei mir auf dem zweiten Platz meiner persönlichem Burgerfavoritenliste. Haben den Neufundländer probiert und waren begeistert …;1;0;0;0;0;0;0;0;0;0;4.0
Unter der Woche kann man hier super lecker essen und auch noch ein, zwei Getränke zu sich nehmen! …;1;0;0;0;0;0;0;0;0;1;5.0
Cooler Burgerladen mit Witz und Charme und sehr netter Bedienung.  Gute Burger zu fairen Preisen. …;1;0;1;0;1;0;1;0;0;0;5.0
An sich ein gemütlicher Laden, das Personal war auch nett. Die Burger sind ihren Preis jedoch definitiv nicht wert. Die sehen extrem unappetitlich aus und die Avocado war vergammelt. Ich hatte einen Beyond Meat Burger - da kann man ja nicht …;0;1;1;0;1;0;0;1;0;0;2.0
Nice burgers with vegetarian and vegans options. Toilets are on the same floor;1;0;0;0;0;1;0;0;0;0;5.0
Empfinde nur Liebe für dieses Restaurant.  (Translated by Google) Feel only love for this restaurant.;1;0;0;0;0;0;0;0;0;0;5.0
Bedienung sehr freundlich. Deko sehr ansprechend. Essen für jeden etwas dabei. …;1;0;1;0;1;0;0;0;0;0;5.0
Alles perfekt, vor allem Veganer tauglich  (Translated by Google) …;1;0;0;0;0;0;0;0;0;0;5.0
Haben spät an einem Samstagabend, ohne Reservierung noch einen Platz bekommen. Das hat uns positiv überrascht. Das Personal war sehr freundlich, allerdings nicht immer aufmerksam (keine Frage von sich aus, ob alles okay ist oder wir noch …;0;1;0;1;0;0;0;0;0;1;3.0
Nach 25 Minuten drin sitzen ohne das dich ne Bedienung mit dem A…. Anschaut sind wir gegangen. Kommen nie wieder unfreundlich hoch 10 schlimmer gehts nicht …;0;0;0;1;0;0;0;0;0;1;1.0
"Es ist mir unbegreiflich, wie ein Laden dieser Größe keine Kartenzahlung anbieten kann. Erst recht nach corona etc. Man landet zu zweit auf jeden Fall bei 30 Euro. Das ist absolut nicht mehr zeitgemäß. Falls sich das ändert, ändere ich gerne meine Bewertung.  Edit September 2021: immer noch keine Kartenzahlung, aber selbst nach einem Test, der derzeit Pflicht für das Betreten Restaurants von innen ist, wurde nicht gefragt. Als ich dann trotzdem mein Handy rausholen wollte, sagte der Kellner ""Ach komm, ist gut"".  (Translated by Google) I cannot understand how a shop of this size cannot offer card payment. Especially after corona etc. You end up with 30 euros for two. That is absolutely out of date. If that changes, I'll be happy to change my rating.  Edit September 2021: still no card payment, but even a test, which is currently mandatory for entering restaurants from the inside, was not asked. When I tried to get my cell phone out anyway, the waiter said ""Come on, it's good"".";0;0;0;1;0;0;0;0;0;0;1.0
Burger super, Service unter aller sau!  Keinerlei Kontrolle von Imof- oder Testnachweisen, damit dass die Burger etwas …;1;0;0;1;0;0;0;0;0;0;2.0
Essen war sehr lecker aber haben uns dort sehr unerwünscht gefühlt, Service sehr unmotiviert …;1;0;0;1;0;1;0;0;0;0;3.0
War lecker, aber die Kellner geben nicht so viel Aufmerksamkeit auf die Gäste  (Translated by Google) …;1;0;0;1;0;0;0;0;0;0;4.0
Habe selten einen so leckeren Burger gegessen. Wirklich herzhaft und sehr schmackhaft ! Auch der Service war sehr freundlich und aufmerksam  !!! Vielen Dank für den tollen Aufenthalt ?????? …;1;0;1;0;0;0;0;0;0;0;5.0
War nicht das beste Mal , könnte besser sein  (Translated by Google) Wasn't the best time, could be better;0;1;0;0;0;0;0;0;0;0;1.0
Schöner Laden und nette Bedienung. Die Auswahl an ausgefallenen und großen Burgen ist sehr gut, für jeden Geschmack ist etwas dabei. Die Preise mit 12,- für einen großen Burger ist OK, wenn auch nicht günstig. …;1;0;0;0;0;0;0;1;0;0;3.0
In meinem ganzen Leben habe ich noch nie so ein unappetitliches Essen zu mir genommen! Das Fleisch war wie Gummi, die Sprite zu bitter, der Burger an sich auch schlecht konstruiert, die Bedienung hat meine Pommes vergessen und die Wartezeit …;0;1;0;1;0;0;0;0;0;0;1.0
Hatte mal vor Jahren Lebensmittelvergiftung davon. Seitdem verstehe ich den Hype nicht  (Translated by Google) Got food poisoning from it years ago. Since then I don't understand the hype;0;1;0;0;0;0;0;0;0;0;1.0
Das Dönerfleisch wurde nicht frisch vom Spieß geschnitten. Es lag geschnitten kalt bereit. Auch auf Nachfrage wurde kein warmes Fleisch hinzugefügt. Diesen Laden werde ich nicht wieder besuchen. …;0;1;0;1;0;0;0;0;0;0;2.0
Schlechter Döner, Kalbfleisch ist einfach nur ekelhaft und Brot war verbrannt  (Translated by Google) …;0;1;0;0;0;0;0;0;0;0;1.0
Ein sehr leckerer saftiger und knuspriger Döner. Der laden ist klein und fällt nicht sofort auf aber der Döner schmeckt. Vom Geschmack her ist er leider nicht von anderen abweichend aber er macht satt. …;1;0;0;0;0;0;0;0;0;0;3.0
Hatte oft gehört,dass das der Beste Döner in Düsseldorf ist aber leider war der Döner eine Enttäuschung. …;0;1;0;0;0;0;0;0;0;0;2.0
Laut Meinung vieler soll Dene & Gör den besten Döner Düsseldorfs liefern. Ein Armutszeugnis für die Stadt Düsseldorf, wenn dies wirklich so sein sollte. Zunächst sei gesagt, dass am Fleisch nicht gespart wird. Optimal also, wenn man vom …;0;1;0;0;0;0;0;0;0;0;2.0
Dürüm (Rind) war ok. Lavas nicht selbstgemacht.  (Translated by Google) Dürüm (beef) was ok. Lavas not homemade.;0;1;0;0;0;0;0;0;0;0;3.0
Döner ist ganz ok, große Portion. Fleisch trocken… Sicherlich nicht der beste Döner der Stadt. Noch nicht mal in den TOP 10… …;0;1;0;0;0;0;0;0;0;0;2.0
Billigster Hackdreck für überteuerten Preis  (Translated by Google) Cheapest hack dirt for overpriced price;0;1;0;0;0;0;0;1;0;0;1.0
Essen teuer geworden  (Translated by Google) food has become expensive;0;0;0;0;0;0;0;1;0;0;1.0
Der Geschmack des Döners ist nach unten gegangen,die Preise nach oben.Früher sah der Döner wirklich gut aus und schmeckte auch gut,bei meinem letzten Besuch war es eher mau bis schlecht.Ob ich hier nochmal einen Döner esse,sehr …;1;0;0;0;0;0;0;1;0;0;2.0
Es gibt keine Handwaschgelegenheit für die, die hier essen, keine Desinfektion, keine Feuchttücher und keine Zahnstocher.  Nicht gut... …;0;0;0;0;0;1;0;0;0;0;1.0
(Translated by Google) friendly staff but below average taste  (Original) …;0;1;1;0;0;0;0;0;0;0;2.0
Bei Kartenzahlung wird einfach frech 0,50€ mehr berechnet, Fleisch ist teilweise sehr trocken. Das Lokal ist leider nicht zu empfehlen. …;0;0;0;1;0;0;0;0;0;0;1.0
Wo sind alle alten Mitarbeiter hin?  (Translated by Google) Where have all the old employees gone?;0;0;0;1;0;0;0;0;0;0;3.0
(Translated by Google) I do not recommend it  (Original) Idare eder tavsiye etmem;0;1;0;0;0;0;0;0;0;0;2.0
Der beste Döner in Düsseldorf, leider nur 2 Sterne weil die Preise jetzt regelmäßig nach oben geschraubt wurden.Die Geschwindigkeit, wie schnell man dein Essen bekommt ist rapide gesunken. …;1;0;0;1;0;0;0;1;0;0;2.0
Sehr freundliche Bedienung, alles frisch und sauber,  die Saucen in ordnung,  sorry aber drehspies fleich war nicht gut, aber das problem sehe ich überall echte dönner fleich oder yaprak dönner findet mann selten sade …;0;1;1;0;0;0;0;0;1;0;3.0
Einst einer der besten „Dönerläden“ der Stadt. Der weite Ruf bröckelt schon seit sehr langer Zeit. Unfreundlich und wirklich wirklich wirklich schlechte Qualität sind hier längst …;0;1;0;0;0;1;0;0;0;0;1.0
Ich bewerte sehr ungern mit einem Stern, aber leider war der Dürüm derart ungenießbar, dass ich hierzu gezwungen bin. Das Fleisch wird bereits im Voraus in großer Menge geschnitten, auch wenn nicht allzu viele Kundschaft besteht. Dadurch …;0;1;0;0;0;0;0;0;0;0;1.0
Es war der schlechteste Döner, den ich je gegessen habe!  (Translated by Google) …;0;1;0;0;0;0;0;0;0;0;1.0
Döner war früher der beste, Heutzutage nicht mehr der beste. Keine Peperoni im döner Obwohl gesagt wird döner mit allem, Preis mitlerweile bei 6€, packen weniger Fleisch rein. Wirklich schade. …;0;0;0;1;0;0;0;1;0;0;3.0
Keine gute Qualität des Fleisches, wie leider fast überall in Düsseldorf. Brötchen Standard. Soßen zu viel und viel zu viel Mayonnaise lastig. …;0;0;0;0;0;0;0;0;0;0;2.0
Ich habe Heute zum ersten Mal dort gegessen. Döner war OK, aber nicht mehr. Was mich gestört hat, war das ich beim Essen von zwei Personen angebettelt wurde. Die beiden waren auch im Laden, wo sie verwiesen wurden und nicht vor der Tür …;0;0;0;0;0;0;0;0;0;0;3.0
NICHT zu empfehlen Mitarbeiter zieht Kunden vor, Obwohl man vorher an der Schlange dran war. Sehr unseriös und unverschämt….. Das sind Grundlagen die man normalerweise kennen muss.. Normalerweise kein einziger Stern!! …;0;0;0;1;0;0;0;0;0;0;1.0
Ekelhaft!!! Mit Abstand der schlechteste Döner in Düsseldorf. Ich kann keinem empfehlen hier sein Geld zu lassen! …;0;1;0;0;0;0;0;0;0;0;1.0
Habe heute Nacht hier einen Dürüm bestellt. Das Fleisch lag schon 20 Minuten vorgeschnitten auf der Arbeitsfläche und hat dementsprechend auch trocken und schlecht geschmeckt. Der Teig vom Dürüm war viel zu stark getoastet und hat bitter …;0;1;0;0;0;1;0;0;0;0;1.0
Döner schmeckt ok, ist aber absoluter Standard. Kalbfleisch ist gepresst und darf sich wahrscheinlich nichtmal wirklich Döner nennen. …;1;0;0;0;0;0;0;0;0;0;3.0
Nachdem ich gesehen habe, wie der Dönermann das Fleisch roh vom Spieß schnitt, verging mir schon der Appetit. Dann habe ich gesehen, wie ein anderer die Zutaten in das Brot lieblos klatschte, die Hälfte ging daneben auf die Theke. Der Salat …;0;1;0;1;0;0;0;0;0;0;1.0
Die Preisen gehen leider durch die Decke und gleichzeitig werden die Portionsgrößen immer kleiner. Man wird kaum noch satt :( …;0;0;0;0;0;0;0;1;0;0;1.0
Leider hat sich die Qualität verschlechtert die rote Soße hat kaum noch Geschmack und ist Fade. …;0;1;0;0;0;0;0;0;0;0;3.0
A bit disappointing. Found 2 strands of hair in my food. 1st on the meat and then between the fries. …;0;0;0;1;0;0;0;0;0;0;2.0
PomDöner ungenießbar.. Alles vermatscht in der Box, so bisher noch nirgendwo gehabt. Außerdem beim Bestellen Maus/Ratte ins Restaurant gerannt.. Erstes und letztes Mal hier gewesen. …;0;1;0;0;0;0;0;0;0;0;1.0
Leute,ich verstehe dass Ihr die Preise erhöhen müsst!Aber warum ist die Qualität jetzt schlechter?Von allem weniger und das Hänchenfleisch so zäh dass es gar nicht zu erkennen ist. Mein letztes Döner bei euch!Schade, Stammkundin seit fast …;0;0;0;0;0;0;0;1;0;0;2.0
Weiß garnicht wo ich anfangen soll , im Negativen Sinne ! Unfreundliche Bedienung , es wirkte so als würden sie mich förmlich anschreien . …;0;0;0;0;0;0;0;0;0;0;1.0
"Der Döner war in Soße ertränkt, damit man das ""Hackfleisch"" nicht schmeckt. Ansonsten hat man es in nahezu monatlichen Preiserhöhungen geschafft, dass der Döner jetzt das doppelte kostet. Muss immer lachen, wenn ich dran vorbeigehe und den …";0;1;0;0;0;0;0;1;0;0;1.0
To be fair I ate a Doner here which was fulled with meat and salad and I was extremely hungry, However it didnt taste like its look it was kind of poor but sufficient and better than many other restaurants in Germany;0;1;0;0;0;0;0;0;0;0;3.0
War am einem Tag da wo viel los war aufgrund der Kirmes aber was mich erwartete war ein Döner der erstens ein viel zu teurer preis für drehspiess. Fleisch und ungelogen in meinem …;0;1;0;0;0;0;0;1;0;0;1.0
the worst kebab ever. Dont recommend anyone;0;1;0;0;0;0;0;0;0;0;1.0
(Translated by Google) This restaurant is located 10 minutes walk from the train station, we went there following the reviews posted here and overall the experience was good but we have already eaten better kebabs elsewhere and the fries …;0;0;0;0;0;0;0;1;0;0;3.0
"aktualisiert Stand Juni 2022: ""Aktionspreis 6,00€"" und nochmal erhöht. Von 3,90€ auf 4,20 und jetzt 6,00€!!! Diesmal bin ich nur daran vorbei gelaufen. Für den Preis erwarte ich ein Döner …";0;0;0;0;0;0;0;1;0;0;1.0
Ein besseren Döner habe ich nicht gegessen, aber essen tue ich nicht mehr dort. Finde es sehr unhygienisch und haben dort ne Maus rumlaufen sehen. Ekel mich nur noch..... …;1;0;0;1;0;1;0;0;0;0;1.0
Hatte Dönerteller mit Pommes nicht scharf bestellt.  Was ich bekam war Dönerteller mit Pommes aber derart scharf dass ich über die Hälfte nicht essen konnte und wegschmeißen musste.  Mein Sohn der bestellt hatte hatte extra hingewiesen …;0;0;0;1;0;0;0;0;0;0;1.0
Unverhältnismäßiger Preisanstieg. 6 € / 6,50 € für einen Döner  (Translated by Google) …;0;0;0;0;0;0;0;1;0;0;1.0
Schmeckt nicht vie vorher und mit preis 6,50 euro eine döner übertrieben und letztmals …;0;0;0;0;0;0;0;1;0;0;1.0
Sehr trocken! Geschmacklich wie pappe.  (Translated by Google) Very dry! Tastes like cardboard.;0;1;0;0;0;0;0;0;0;0;1.0
Schrecklich  (Translated by Google) Terrible;0;1;0;0;0;0;0;0;0;0;1.0
The doner here is dry and the sauce is very confusing. The worst doner I've had in Germany;0;0;0;0;0;0;0;0;0;0;1.0
Schlechtester Döner Ever, Soßen gehen, Fleisch war bei mir roh und die Krönung war das bei mir im Döner Plastik Zeile drin waren. Nicht gut …;0;1;0;0;0;1;0;0;0;0;1.0
Meiner Meinung nach ein absolut durchschnittlicher Standard Döner, nichts was ihn besonders macht. …;0;1;0;0;0;0;0;0;0;0;2.0
Also wenn ihr eine Ehrlich meinung lesen möchtet Das Kalbfleisch ist das günstigste was man im Preis sekment geliefert bekommen kann. …;0;1;0;0;0;0;0;1;0;0;1.0
Nix besonderes. Und sehr fett  (Translated by Google) Nothing special. And very fat;0;1;0;0;0;0;0;0;0;0;2.0
Lecker aber viel zu teuer.  (Translated by Google) Tasty but way too expensive.;1;0;0;0;0;0;0;1;0;0;3.0
Ich als leidenschaftlicher Essenkritiker finde persönlich, dass das Fleisch ziemlich trocken und ölig im Döner war. Totzdessen was das Gemüse frisch, die Soße gut und das Brot schön kross. Ich gebe dem Ganzen eine 6 /10.  (Translated by Google) As a passionate food critic, I personally find that the meat in the kebab was quite dry and oily. Despite this, the vegetables were fresh, the sauce was good and the bread was crispy. I give the whole thing a 6/10.;1;0;0;0;0;0;0;0;0;0;3.0
Meiner Meinung nach ist das kein döner kein richtiges Fleisch. Massenanfertigung sehr sehr schlechte Qualität. Und ich bin extra aus eine andere stad gekommen. Nie mehr sehr schlecht.  (Translated by Google) In my opinion, this is not a doner kebab, not real meat. Mass production very very poor quality. And I came specially from another city. Not very bad anymore.;0;1;0;0;0;0;0;1;0;0;1.0
"Der Begriff Fastfood stimmt in dem Laden. Hauptsache Schnell schnell......naja fühlt sich wie eine Abfertigung an. Nicht jedermann Sache. Der Döner an sich war eigentlich lecker und groß. Die Soßen waren etwas ""lasch"". …";0;0;0;0;0;0;0;0;1;0;3.0
Definitiv nicht der beste döner der stadt. Er schmeckt ok aber was mich besonders stört ist die Soße. Die Soße schmeckt irgendwie nach curry oder ähnlichem 2 sterne für die mühe und netten Mitarbeiter, aber hole mir meinen döner nächstes …;0;1;0;0;0;0;0;0;0;0;2.0
Gar nicht mal so geil  (Translated by Google) Not that cool;0;1;0;0;0;0;0;0;0;0;2.0
In letzter Zeit habe ich oft das Gefühl, dass man sich nicht so viel Mühe gibt. Die Menge an Fleisch variiert, mal gibt es zwei Chilis, dann einen. Mal wird die Bestellung sofort bearbeitet, dann wieder werden andere Leute vorgelassen, weil …;0;0;0;1;0;0;0;0;0;0;2.0
Nicht besser als der ,von dem sie einst lernten am worringerplatz..Preis vor allem beim big Döner ,was am worringerplatz der normale beeinhaltet an Menge. …;0;0;0;0;0;0;0;1;0;0;3.0
Dene & Gör liegt im mitten in der Düsseldorfer Innenstadt, direkt an einer Hauptstraße. Parkgelegenheiten sucht man dort vergebens. …;0;0;0;0;0;1;0;0;0;0;1.0
War gestern gegen 11 Uhr Döner essen muss leider sagen das die Qualität stark nachgelassen hat. Das Fleisch war kalt und hat nicht gut gerochen. Hatte vor 6 Jahren dort einen Döner gegessen und eine Bewertung hinterlegt mit 5 Sternen.Die …;0;1;0;0;0;0;0;0;0;0;2.0
Schrott  (Translated by Google) scrap metal;0;1;0;0;0;0;0;0;0;0;1.0
Kann die Bewertungen leider absolut nicht nachvollziehen. Döner ist getränkt in Soße und hat allgemein wenig Geschmack. Zudem ist die Bestellung an der Theke absolut chaotisch.....für Touristen sicherlich nicht schlecht, aber für Leute, …;0;0;0;1;0;1;0;0;0;0;2.0
Mittlerweile schmeckt der Döner gar nicht mehr. Weiss nicht  was die geändert haben ..... Mitarbeiter immer höflich... …;0;1;1;0;0;0;0;0;0;0;1.0
Bah da war einfach eine maus  (Translated by Google) Bah there was just a mouse;0;0;0;0;0;1;0;0;0;0;1.0
Hab schon bessere gegessen. ziemlich Überwertet  (Translated by Google) I've eaten better. pretty overrated;0;1;0;0;0;0;0;1;0;0;3.0
(Translated by Google) As in such comments, they exaggerate that there was no fried doner, or these folks have never eaten doner. Leaf doner kebab was very salty and we couldn't taste much of it. Because of the greenness, the normal doner …;0;1;0;0;0;0;0;0;0;0;3.0
Update Nov 2021: Wollte dem ganzen noch ne Chance geben aber war wieder ernüchternd und das „Highlight“ war ne Ratte die durch den Laden geflitzt ist… …;0;1;0;0;0;1;0;0;0;0;1.0
Absoluter Lieblingsdöner... Immer herzliches lustiges Personal und Sosse spitze ?? …;1;0;1;0;0;0;0;0;0;0;5.0
Bester Döner der Stadt!  (Translated by Google) Best kebab in town!;1;0;0;0;0;0;0;0;0;0;5.0
not bad;1;0;0;0;0;0;0;0;0;0;4.0
Open till 3 AM on a Sunday in the dead Düsseldorf at this time. Very friendly people working there and very helpfull!;1;0;1;0;0;0;0;0;0;0;5.0
Preise zügig von 4€ bis jetzt 6€ pro Döner gestiegen. 50%? Dafür kann man woanders auch gutes Essen bekommen. …;1;0;0;0;0;0;0;1;0;0;4.0
1 Stern abzug wegen dem Preis ansonsten bester Dönerladen.  (Translated by Google) …;1;0;0;0;0;0;0;1;0;0;4.0
Bester Döner! 100% Geschmack - kein überflüssiger Krimskrams! Gute Atmosphäre - nette Leute. …;1;0;0;0;1;0;0;0;0;0;5.0
?? …;1;0;0;0;0;0;0;0;0;0;5.0
Beste Döner  für einen korrekten Preis  (Translated by Google) Best doner kebab for a correct price;1;0;0;0;0;0;0;1;0;0;5.0
Sehr guter Döner!  (Translated by Google) Very good doner!;1;0;0;0;0;0;0;0;0;0;5.0
Echt guter Döner, richtig lecker!  (Translated by Google) Really good doner kebab, really tasty!;1;0;0;0;0;0;0;0;0;0;5.0
Immer wieder genial, ein Muss wenn man in Düsseldorf ist.  (Translated by Google) …;1;0;0;0;0;0;0;0;0;0;5.0
Einfach nur lecker  (Translated by Google) Just delicious;1;0;0;0;0;0;0;0;0;0;5.0
Mit Cheese bester Döner laden  (Translated by Google) Load the best doner kebab with cheese;1;0;0;0;0;0;0;0;0;0;5.0
falafel tasche is awesome??  (Translated by Google) falafel bag is awesome?? …;1;0;0;0;0;0;0;0;0;0;4.0
Einer der besten Döner, wenn nicht der beste Döner in der Stadt. Hat so ziemlich dauerhaft geöffnet und schmeckt fantastisch. Bin regelmäßig dort (: …;1;0;0;0;0;0;0;0;0;0;5.0
Ich habe in meinem ganzen Leben noch nie einen so lecker em saftigen und einfach perfekten Döner bekommen. Ich komme nur wegen diesen Döner noch mal nach Düsseldorf! …;1;0;0;0;0;0;0;0;0;0;5.0
Sehr lecker, toller Service, alles frisch  (Translated by Google) …;1;0;1;0;0;0;0;0;0;0;5.0
(Translated by Google) Friendly staff, very busy good food and tasty too!! thank you …;1;0;1;0;0;0;0;0;0;0;4.0
Aufgrund der langen Warteschlange drauf aufmerksam geworden - perfekte Entscheidung. Sehr leckerer Döner mit richtig guten Soßen.  ???? …;1;0;1;0;0;0;0;0;0;1;5.0
Sehr netter und köstlicher Ort fürs Döner essen u.w. Die Preise sind akzektabel.. Und freundliche Mitarbeiter, auch der Besitzer sehr freundlich.. …;1;0;1;0;0;0;0;1;0;0;5.0
Bester Döner  (Translated by Google) Best Doner;1;0;0;0;0;0;0;0;0;0;5.0
Bester Döner den ich kenne , super schnell zubereitet fast rund um die Uhr geöffnet das ganze Jahr ?? …;1;0;0;0;0;0;0;0;1;0;5.0
(Translated by Google) Perfect  (Original) Perfekt;1;0;0;0;0;0;0;0;0;0;4.0
Hier war der doenerteller lecker, das Kalb nicht trocken, und ja ja....9,50 euro, geht noch. …;1;0;0;0;0;0;0;1;0;0;4.0
Der Laden ist super.  Nur etwas klein wenn es richtig voll wird. Sonst Top!!! …;1;0;0;0;0;0;0;0;0;0;4.0
Sehr guter Döner  (Translated by Google) Very good doner;1;0;0;0;0;0;0;0;0;0;5.0
Best Kebab in Whole Düsseldorf;1;0;0;0;0;0;0;0;0;0;5.0
Es war sehr lecker.Wiwdergokunfafaktor 100 %  (Translated by Google) …;1;0;0;0;0;0;0;0;0;0;5.0
(Translated by Google) The red star is on. ???? The tortilla was very tasty. The vegetables are fresh. The service is ridiculously nice. Absolutely positive in every way. …;1;0;0;0;0;0;0;0;0;0;5.0
Fantastic kebab. Hit the spot. Open late and good value;1;0;0;0;0;0;0;0;0;0;5.0
Really tasty Döner Kebab in the city ... loved it... The only think which missinh here is the outside sitting place because it would be great to have some reasonably good place infront of the shop;1;0;0;0;0;0;0;0;0;0;4.0
Best doner in my entire life!;1;0;0;0;0;0;0;0;0;0;5.0
(Translated by Google) The perfect doner kebab  (Original) Mükemmel döner ayran;1;0;0;0;0;0;0;0;0;0;5.0
Lange nicht mehr so einen leckeren Döner gegessen! Unfassbar! Kleiner unscheinbarer Laden. Geschmacklich super! …;1;0;0;0;0;0;0;0;0;0;5.0
einfach hammer geil lecker  (Translated by Google) simply awesome delicious;1;0;0;0;0;0;0;0;0;0;5.0
(Translated by Google) For good food  (Original) ??? ???? ??????;1;0;0;0;0;0;0;0;0;0;5.0
Komme regelmäßig hierher um den besten Döner der Stadt zu essen. Super knuspriges Brot, gemischtes Fleisch ist die beste Wahl, tolle Soßen und Vorallem frischer Salat. Was will man mehr? Dazu kommen die guten Öffnungszeiten bis 3 Uhr …;1;0;1;0;0;0;0;0;0;0;5.0
(Translated by Google) I tried the minced meat doner, it was very good German style …;1;0;0;0;0;0;0;0;0;0;4.0
(Translated by Google) EXCELLENT..... 100%%  (Original) EXCELENTE..... 100%%;1;0;0;0;0;0;0;0;0;0;5.0
The Doners  were very delicious and the staff were very friendly.;1;0;1;0;0;0;0;0;0;0;5.0
Super fast, good portion size, and delicious grill. There's always a line and be prepared to eat standing up or taking it away;1;0;0;0;0;0;0;0;1;0;5.0
Bester Döner in DE !  (Translated by Google) Best doner kebab in Germany!;1;0;0;0;0;0;0;0;0;0;5.0
Edible :);1;0;0;0;0;0;0;0;0;0;4.0
Eines der besten Restaurants die ich bisher kennenlernen durfte. Die Gerichte waren alle sehr lecker, immer gut warm und nicht überteuert. Das Personal ist freundlich und auch Sonderwünsche werden beachtet. Gerne esse ich hier wieder. Klare …;1;0;1;0;0;0;0;0;0;0;5.0
Sehr sehr leckerer Döner  (Translated by Google) Very very tasty doner kebab;1;0;0;0;0;0;0;0;0;0;5.0
Guter Döner, für D'dorfer Verhältnisse günstig.  (Translated by Google) …;1;0;0;0;0;0;0;0;0;0;4.0
Immer wieder super nettes Personal! Toller Döner mit Soße Spitze, gerne mit einer Käsescheibe (+0,50€). Schnelle Zubereitung und auch super lecker. Der beste Döner in Düsseldorf - meiner Meinung nach :) …;1;0;1;0;0;0;0;0;0;0;5.0
(Translated by Google) Delicious food, very fast service ??  (Original) …;1;0;0;0;0;0;0;0;1;0;5.0
Nice little place good food good sauces and good service very quick and also very kind;1;0;1;0;0;0;0;0;1;0;5.0
Die mit Abstand leckerste Pizza in Deutschland, und das selbst wenn man sie um halb 10 abends zum mitnehmen bestellt :) Einfach zum niederknien! …;1;0;1;0;0;0;0;0;0;0;5.0
Good place to dine in! Sadly no chicken pizzas available.  Do keep in mind the waiting time when you visit??? …;1;0;0;1;0;0;0;0;0;1;4.0
This is the must try pizza in Frankfurt.;1;0;0;0;0;0;0;0;0;0;5.0
5/5 Pizza place in Frankfurt;1;0;0;0;0;0;0;0;0;0;5.0
Leckere Pizzen und coole Atmosphäre. ????  (;1;0;0;0;1;0;0;0;0;0;5.0
Great pizza place with good food, friendly staff, fun vibes, and good music!;1;0;1;0;1;0;0;0;0;0;5.0
Extrem lecker!! Große Empfehlung.  (;1;0;0;0;0;0;0;0;0;0;5.0
Die beste Pizza in Frankfurt Sehr authentisch  (;1;0;0;0;1;0;0;0;0;0;5.0
Great pizza !!!;1;0;0;0;0;0;0;0;0;0;5.0
Pizza is good but the service is really bad. You should arrive 2 hours before when you start getting hungry… long wait….;1;0;0;1;0;0;0;0;0;1;2.0
Ganz solide Pizza. Leider wie alles overrated und overpriced!  (;0;1;0;1;0;1;0;1;0;1;4.0
What is not to like? Pizza? Good! Wine? Good? Nice people? Good!  Waiting time at the entrance is about 15-20 minutes. Orders are made at the COUNTER, don’t wait for the menu.;1;0;0;0;1;0;0;0;0;1;5.0
Mega leckere Pizza. Einer der besten Frankfurts.  (;1;0;0;0;0;0;0;0;0;0;5.0
Phänomenale Pizza wie in Italien!  (;1;0;0;0;0;0;0;0;0;0;5.0
sehr voll und man muss eventuell schlange stehen aber sobald man sitzt ist alles super. netter service und essen ist IMMER top!! …;1;0;1;0;0;0;0;0;0;1;5.0
Absolutely fantastic pizza. This is definitely one of the best if not the best pizza places in Frankfurt. They were fully packed on a weeknight so reservations are highly recommended.;1;0;0;0;0;0;0;0;0;1;5.0
Sehr chillige Pizzeria! Immer gute Laune der Angestellten ,fast schon partymäßig! Pizza,Mega ! …;1;0;1;0;0;0;0;0;0;0;5.0
Hands down, best pizza in town.;1;0;0;0;0;0;0;0;0;0;5.0
Sehr geil  (;1;0;0;0;0;0;0;0;0;0;5.0
"Super leckere, gute belegte Pizza. Extrem dünn in der Mitte, dafür dicker fluffiger Rand. ""Normale"" deutsche Sorten (z.B. Hawaii) sucht man hier vergeblich, aber das ist auch gut so! Das hier ist deutlich italienischer. …";1;0;0;0;1;0;0;0;0;0;5.0
Die Pizzen sind sehr Lecker, leider ist die Wartezeit grade in Stichzeiten recht lang (ca. 1std). Im Sommer kann man schön draußen sitzen, drinnen ist die Musik leider sehr laut. …;1;0;0;0;1;0;0;0;0;1;4.0
Gehört zu den besten Pizza Restaurants in Frankfurt. Sehr lecker!  (;1;0;0;0;0;0;0;0;0;0;5.0
Absolutely fantastic;1;0;0;0;0;0;0;0;0;0;5.0
Pizza Mozarella. Frische Zutaten. Der Boden aber zu labbig, dafür am Rand reichlich Teig. Die Wartezeit war kurz. Für den stolzen Preis ein durchwachsenes Produkt. …;1;0;0;0;0;0;0;1;0;0;3.0
This place is just perfect! Best pizzas in Frankfurt, amazing vibes ?? …;1;0;0;0;1;0;0;0;0;0;5.0
Die beste Pizza die ich je in Deutschland kosten durfte. Eine Top Servierte Neapolitanische Pizza. Preis Leistung auch sehr gut. …;1;0;1;0;1;0;1;0;0;0;5.0
Wenn man traditionell italienische Pizza möchte ist man hier genau richtig. Das Essen muss man selbst an der Theke bestellen. Auch für Veganer geeignet. …;1;0;0;1;0;0;0;0;0;0;4.0
Die leckerste Pizza der Stadt! Tolles Ambiente ??  (;1;0;0;0;1;0;0;0;0;0;5.0
Definitiv die beste Pizza in Frankfurt! Die Pizza schmeckt genau so wie man sich eine originale neapolitanische Pizza vorstellt! Waren schon oft da, mussten nie lange warten und die Pizza war jedes mal genial. …;1;0;0;0;0;0;0;0;1;0;5.0
Super leckere Pizza! Wir kommen wieder!  (;1;0;0;0;0;0;0;0;0;0;5.0
Super leckere Pizzen in stylisher, trubeliger Atmosphäre. Familär. Super nette Super Bro's eben. …;1;0;1;0;1;0;0;0;0;0;5.0
Sehr leckere Pizza Wäre toll wenn es Mittags offen hätte …;1;0;0;1;0;0;0;0;0;0;4.0
die beste pizza in frankfurt und super liebes personal  (;1;0;1;0;0;0;0;0;0;0;5.0
Nach der Pizza merkt man nicht, dass man eine gegessen hätte. Keine Völlegefühle oder sonstigen Symptome. Das liegt daran, dass der Teig drei Tage lang geht.  Hervorragender Teig. Hervorragender Service  (;1;0;1;0;0;0;0;0;0;0;5.0
"Wir wollten für Freitag Abend 11 Pizzen bestellen und habe dafür extra ein paar Tage vorher angerufen, um dann keine Probleme zu haben. Leider wusste am Freitag dann niemand mehr über unsere Absprachen Bescheid, sodass wir am Ende über wolt bestellen mussten. Hier gab es die meisten Pizzen nicht, die auf der Webseite stehen, und zudem kosten dort alle Pizzen 2-6€ mehr (erst recht wenn man sich die Pizzen von der Webseite ""nachbaut""). Das war sehr stressig, aber okay, was solls. Die Pizzen kamen dann auch schnell geliefert, aber sorry, von 11 Pizzen waren nur 6 in der Wärmebox, 5 waren eiskalt. Wieso nicht einfach 2 Wärmeboxen benutzen? Die warmen Pizzen waren sehr lecker, etwas wabbelig durch die Lieferung, die anderen Pizzen waren halt kalt... Für 15-18€ eine kalte Pizza ist dann halt leider nicht mehr so cool.  (";1;0;0;1;0;0;0;0;0;1;2.0
Nice pizza , wine , very friendly, self service! Three brothers doing great job . So far very perfect in Frankfurt. Try it;1;0;1;0;0;0;0;0;0;0;5.0
Die beste Pizzeria im Umkreis um Frankfurt! Der Geschmack sowie die Qualität ist super. Leider ist das Restaurant für den hohen Andrang zu klein und man muss oft sehr lange auf die Köstlichkeit warten. Schade, dass man nicht reservieren …;1;0;0;1;0;0;0;0;0;1;4.0
Awesome Pizza;1;0;0;0;0;0;0;0;0;0;5.0
Firstly, this place only accepts cash and German debit cards (obviously not an option for tourists), like it's 2005 again. Which is a shame because the staff were really good and the pizzas were amazing. …;1;0;0;0;1;0;0;0;0;0;3.0
They’re doing the best Napolitan Pizza ?? in Frankfurt. Their specialty Super Bro’s Pizza is a must to try it. You do not need a reservation for any time. You can order the Pizza and visit …;1;0;0;0;0;0;0;0;0;0;5.0
Wahnsinnig tolle Pizza so lecker ??  (;1;0;0;0;0;0;0;0;0;0;5.0
absolut lecker!  (;1;0;0;0;0;0;0;0;0;0;5.0
Very tasty pizza in a busy, but friendly, setting. Great for lovers of Neapolitan style pizza.;1;0;0;0;1;0;0;0;0;1;5.0
Wunderbar ????????????  (;1;0;0;0;0;0;0;0;0;0;5.0
I love their Neapolitan style pizza, it tastes just like the original! It's so small I usually take away, but even with the worst line they are super fast.;1;0;0;0;0;0;0;0;1;0;5.0
Richtig gute Pizza, Top Service und faire Preise  Dazu war der Service auch super. …;1;0;1;0;1;0;1;0;1;0;5.0
Die beste Pizza Frankfurts. Die einzige die man “Pizza Napoletana” nennen kann/darf. Es war sehr voll, wir mussten etwas warten, aber das ist absolut normal und nachvollziehbar. Da verstehe ich die ganzen negativen Rezensionen nicht. Müssen …;1;0;0;0;0;0;0;0;0;1;5.0
Sehr leckere Pizzen!  (;1;0;0;0;0;0;0;0;0;0;5.0
Super leckere Pizza, wie in Neapel! Die Preise sind für Frankfurt fair. Großzügig belegt. Kommen wieder. …;1;0;0;0;0;0;0;1;0;0;5.0
Super pizza;1;0;0;0;0;0;0;0;0;0;5.0
Die Pizza ist sehr gut aber auch sehr teuer. Sehr authentisch neapolitanisch  (;1;0;0;0;1;0;1;0;0;0;5.0
Einfach nur geil. Mehr kann man nicht sagen  (;1;0;0;0;0;0;0;0;0;0;5.0
Netter Service, spitzen Pizza  (;1;0;1;0;0;0;0;0;0;0;5.0
perfect ?? …;1;0;0;0;0;0;0;0;0;0;5.0
Great place for neopolitano pizza. Very crowded so youre probably best suited if dont come during after work hours.;1;0;0;0;1;0;0;0;0;1;5.0
Super leckere Pizza. Leider kann man nicht reservieren und muss so relativ lange auf einen Tisch warten. Wir haben dann trotz kalter Temperaturen draußen gegessen. Man bestellt und bezahlt an der Theke, hinterlässt dann seinen Namen und …;1;0;0;0;0;0;0;0;0;1;4.0
Best pizza in Frankfurt !;1;0;0;0;0;0;0;0;0;0;5.0
Everything was great there. The pizza, quality taste and the price.  I hope they stay as they are for ever. …;1;0;1;0;1;0;1;0;1;0;5.0
Hands down the best pizza in Frankfurt (at least) my go to pizza place.;1;0;0;0;0;0;0;0;0;0;5.0
Der Laden ist irgendwie komplett overrated. Der service und köche sind 100% männlich, eine einzige Poser-Show und nicht zuvorkommend und freundlich was den service angeht. Die Musik ist viel zu laut, es …;0;1;0;1;0;1;0;1;0;1;2.0
Super leckere Pizza und netter Service. Wir kommen gerne wieder.  (;1;0;1;0;0;0;0;0;0;0;5.0
Probably the best pizza in frankfurt;1;0;0;0;0;0;0;0;0;0;5.0
Ich habe dort meinen Geburtstag an einem Freitag Abend gefeiert. Wir waren insgesamt 20 hungrige junge Männer, gaben die Bestellung auf und die Pizzen haben nicht lange auf sich warten lassen, ca. 30 Minuten für alle Pizzen. Wir hatten …;1;0;0;0;1;0;0;0;1;0;5.0
Went there during rush hour, had to wait more than 1 hour to get the pizza, the trick is though to order takeaway and it is quicker but you can still sit at the table. Pizza is great!;1;0;0;0;0;0;0;0;0;1;3.0
Grandiose Pizza. Wie in Neapel! Leider sind die Wartezeiten sehr lang und zu Stoßzeiten geht keiner ans Telefon.  (;1;0;0;0;0;0;0;0;0;1;3.0
Ich war mit meiner Frau bei Super Bros. Wir haben die Klassischen Pizzen Nr. 3 und 4 genommen (Margarita). Die Pizza war matschig in der Mitte. Geschmacklich auch überhaupt nicht gut. Der Tomatengeschmack kam gar nicht raus. Und die Büffelmozarella war ebenfalls geschmacklich neutral. Also ohne Geschmack. Ich muss leider sagen es war eines meiner schlechtesten Pizzen die ich gegessen habe. Und ich habe einige gegessen. Den Hype über den Laden kann ich nicht nachvollziehen. Ebenfalls hatten wir den Eindruck das wir eher in einem Nachtclub sind anstatt in der Pizzeria. Sehr dunkel und sehr laut. Können es nicht empfehlen.  (;0;1;0;1;0;1;0;1;0;1;1.0
Eine der besten Pizzen Frankfurts. Authentisch neapolitanisch. Bestellt wird an der Kasse und häufig gibt es dort eine lange Schlange. Zu Stoßzeiten ist es auch schwierig einen Sitzplatz zu bekommen. …;1;0;0;0;0;0;0;0;0;1;5.0
Pizza sehr lecker.  Innen laut und ungemütlich.  Service naja, 20 Minuten anstehen um zu bestellen nochmal 20 Minuten warten und dann selbst die Reste abräumen. Aber ja die Person die Bestellung entgegennimmt war freundlich.  (;1;0;0;0;0;0;0;0;0;1;3.0
Waited over an hour for pizza from time of payment. Granted it was 8pm Friday night, but staff should inform customers of the ‘up to an hour’ wait time BEFORE taking payment rather than after.  The pizza is delicious though, one of the best in Frankfurt and reasonably priced too.  The atmosphere around the place is great and you can order drinks whilst you wait.  You should consider bringing some snacks as there are no starters or nibbles on the menu..;1;0;0;0;1;0;0;0;0;1;3.0
Versucht nicht hier anzurufen, um eine Pizza zum mitnehmen zu bestellen, denn es geht sowieso niemand ans Telefon. Scheinbar hält man dies hier nicht für nötig, da sowieso genug Leute vorbeikommen. Nach ca. 30 min. Warterei kamen die Pizzen, welche wir um die Ecke gegessen haben, jedoch blieb das Feuerwerk aus. Der Teig ist irgendwie gummiartig. In den Zutaten fehlte das gewisse etwas, geschmacklich flach, ohne Umami. Wir haben uns mehr erhofft. Pizza Montana gewinnt im direkten Vergleich.  (;0;1;0;0;0;0;0;0;0;1;3.0
« 1h20 of delay, it is Super bro’s » bro says the waiter. How funny it is…;0;0;0;0;0;0;0;0;0;1;1.0
Sehr leckere Pizza, gutes Ambiente, aber eher weniger für den längeren Verbleib sondern ein gutes Essen und dann weiterziehen :) alles fein!  (;1;0;1;0;1;0;0;0;0;1;4.0
2 words: just amazing. Very delicious pizza, great atmosphere. Great service. Also good take away service.;1;0;1;0;1;0;0;0;0;0;5.0
Best Pizza ever!;1;0;0;0;0;0;0;0;0;0;5.0
Echte neapolitanische Pizza, mussten gar nicht warten und dürften direkt rein. Haben einen Platz bekommen. Coole Leute und gutes Essen. ?????  (;1;0;1;0;1;0;1;0;1;0;4.0
Für mich persönlich die beste Pizza. Die Burratina ist und bleibt mein ungeschlagener Liebling! Da kommt die Bockenheimer Kekspizza leider nicht ran, sorry. …;1;0;0;0;0;0;0;0;0;0;5.0
Sehr gute neapolitanischen Pizza. Ein besuch lohnt sich auf jeden Fall aber lieber nachmittags. Ich persönlich mag aber das Konzept nicht. Sehr laute Musik am Abend und man …;1;0;1;0;0;1;0;0;0;1;4.0
Nachdem meine Frau mit mir zusammen 10 Minuten im Stehen gewartet hat entschied Sie sich schon mal zu setzen an einen der 5 freien Tische im Außenbereich. In höchstens 5 Minuten hätte ich die Bestellung aufgeben. Leider sprach ein …;0;0;0;1;0;1;0;0;0;1;1.0
Echter Italiener, man schmeckt sogar den intensiven Geschmack von der Tomate und die Büffelmozzarella heraus. Es ist ein Problem ein Sitzplatz zu finden, aber irgendwie klappts dann doch und man muss Zeit mitbringen.  (;1;0;0;0;0;0;0;0;0;1;4.0
Ein kleines Stück Neapel in Frankfurt. Die sicher beste Pizza, die ich außerhalb von Neapel gegessen habe. Wer die nicht probiert, verpasst etwas ganz Großes. …;1;0;0;0;1;0;0;0;0;0;5.0
Sehr leckere Pizza. Der Teig ist wirklich extrem lecker und der vegane Käse ist einer der besten, den ich bisher auf Pizza hatte. Dass man Essen und Getränke selbst an der Theke bestellen und gleich bezahlen …;1;0;0;0;0;0;0;0;0;0;5.0
Very interesting and tasty pizza!;1;0;0;0;0;0;0;0;0;0;5.0
Pizza auf einem anderen Niveau. Komme immer wieder gerne. Freundliches und zuvorkommendes Personal. Samstag Abends läuft zudem Musik. Sehr zu empfehlen. …;1;0;1;0;1;0;0;0;0;0;5.0
Von a-z alles perfekt. Zum dritten Mal hier und immer wieder überragend. Am Wochenende auch super Stimmung um einfach gut zu essen und um einen schönen Abend zu haben …;1;0;1;0;1;0;1;0;1;0;5.0
endlich mal eine vernünftige Neapolitanische Pizza. Danke Bros  (;1;0;0;0;0;0;0;0;0;0;5.0
Beste Pizza der Stadt  (;1;0;0;0;0;0;0;0;0;0;5.0
Spitzenklasse  (;1;0;0;0;0;0;0;0;0;0;5.0
Eine der besten Pizzen außerhalb Italiens. Stimmung im Laden mega cool, was wahrscheinlich Geschmackssache sein könnte. Pizza in Frankfurt, dann diesen Laden besuchen . …;1;0;0;0;1;0;0;0;0;0;5.0
Mega leckers Pizza, aber nicht die 0815 von egal wo. sondern echt klasse!! Nettes Personal. Angenehmes Ambiente???????????????????? …;1;0;1;0;1;0;0;0;0;0;5.0
Hervorragende neapolitanische Pizza  (;1;0;0;0;0;0;0;0;0;0;5.0
Die Staff sind super fruendliche und die Atmosphäre ist chillig. Es gibt eine Schöne Auswahl an Pizzas, die richtig lecker sind. Alles wird schnell fertig gemacht, ohne lange Wartezeit und ohne das die Qalität leidet. …;1;0;1;0;1;0;0;0;1;0;5.0
Sehr leckere Pizza, aber etwas hochpreisig  (;1;0;0;0;0;0;0;1;0;0;5.0
Amazing pizza;1;0;0;0;0;0;0;0;0;0;5.0
Pizza war gut. Besser als der Durchschnitt. Atmosphäre eher für das jüngere Volk. Preis war fair. …;1;0;0;0;0;1;0;1;0;0;4.0
